data_emissione,data_previsione,zona,livello,livello_num,file
2026-09-25,2026-09-25,BAT,MEDIO,2,20260925_106_BollettinoIncendi_784.pdf
2026-09-25,2026-09-25,BA_01,MEDIO,2,20260925_106_BollettinoIncendi_784.pdf
2026-09-25,2026-09-25,BA_02,MEDIO,2,20260925_106_BollettinoIncendi_784.pdf
2026-09-25,2026-09-25,BA_03,MEDIO,2,20260925_106_BollettinoIncendi_784.pdf
2026-09-25,2026-09-25,BR_01,MODERATO,3,20260925_106_BollettinoIncendi_784.pdf
2026-09-25,2026-09-25,BR_02,MEDIO,2,20260925_106_BollettinoIncendi_784.pdf
2026-09-25,2026-09-25,FG_01,MODERATO,3,20260925_106_BollettinoIncendi_784.pdf
2026-09-25,2026-09-25,FG_02,MODERATO,3,20260925_106_BollettinoIncendi_784.pdf
2026-09-25,2026-09-25,FG_03,MEDIO,2,20260925_106_BollettinoIncendi_784.pdf
2026-09-25,2026-09-25,FG_04,MEDIO,2,20260925_106_BollettinoIncendi_784.pdf
2026-09-25,2026-09-25,LE_01,MEDIO,2,20260925_106_BollettinoIncendi_784.pdf
2026-09-25,2026-09-25,LE_02,BASSO,1,20260925_106_BollettinoIncendi_784.pdf
2026-09-25,2026-09-25,LE_03,BASSO,1,20260925_106_BollettinoIncendi_784.pdf
2026-09-25,2026-09-25,TA_01,MODERATO,3,20260925_106_BollettinoIncendi_784.pdf
2026-09-25,2026-09-25,TA_02,MODERATO,3,20260925_106_BollettinoIncendi_784.pdf
2026-09-25,2026-09-25,TA_03,MEDIO,2,20260925_106_BollettinoIncendi_784.pdf
2026-09-25,2026-09-26,BAT,MEDIO,2,20260925_106_BollettinoIncendi_784.pdf
2026-09-25,2026-09-26,BA_01,MEDIO,2,20260925_106_BollettinoIncendi_784.pdf
2026-09-25,2026-09-26,BA_02,MEDIO,2,20260925_106_BollettinoIncendi_784.pdf
2026-09-25,2026-09-26,BA_03,MODERATO,3,20260925_106_BollettinoIncendi_784.pdf
2026-09-25,2026-09-26,BR_01,MEDIO,2,20260925_106_BollettinoIncendi_784.pdf
2026-09-25,2026-09-26,BR_02,MEDIO,2,20260925_106_BollettinoIncendi_784.pdf
2026-09-25,2026-09-26,FG_01,MODERATO,3,20260925_106_BollettinoIncendi_784.pdf
2026-09-25,2026-09-26,FG_02,MODERATO,3,20260925_106_BollettinoIncendi_784.pdf
2026-09-25,2026-09-26,FG_03,MEDIO,2,20260925_106_BollettinoIncendi_784.pdf
2026-09-25,2026-09-26,FG_04,MEDIO,2,20260925_106_BollettinoIncendi_784.pdf
2026-09-25,2026-09-26,LE_01,MODERATO,3,20260925_106_BollettinoIncendi_784.pdf
2026-09-25,2026-09-26,LE_02,MEDIO,2,20260925_106_BollettinoIncendi_784.pdf
2026-09-25,2026-09-26,LE_03,MEDIO,2,20260925_106_BollettinoIncendi_784.pdf
2026-09-25,2026-09-26,TA_01,MODERATO,3,20260925_106_BollettinoIncendi_784.pdf
2026-09-25,2026-09-26,TA_02,MODERATO,3,20260925_106_BollettinoIncendi_784.pdf
2026-09-25,2026-09-26,TA_03,MODERATO,3,20260925_106_BollettinoIncendi_784.pdf
2026-09-25,2026-09-27,BAT,MEDIO,2,20260925_106_BollettinoIncendi_784.pdf
2026-09-25,2026-09-27,BA_01,BASSO,1,20260925_106_BollettinoIncendi_784.pdf
2026-09-25,2026-09-27,BA_02,MEDIO,2,20260925_106_BollettinoIncendi_784.pdf
2026-09-25,2026-09-27,BA_03,MEDIO,2,20260925_106_BollettinoIncendi_784.pdf
2026-09-25,2026-09-27,BR_01,MEDIO,2,20260925_106_BollettinoIncendi_784.pdf
2026-09-25,2026-09-27,BR_02,MEDIO,2,20260925_106_BollettinoIncendi_784.pdf
2026-09-25,2026-09-27,FG_01,MEDIO,2,20260925_106_BollettinoIncendi_784.pdf
2026-09-25,2026-09-27,FG_02,MEDIO,2,20260925_106_BollettinoIncendi_784.pdf
2026-09-25,2026-09-27,FG_03,MEDIO,2,20260925_106_BollettinoIncendi_784.pdf
2026-09-25,2026-09-27,FG_04,MEDIO,2,20260925_106_BollettinoIncendi_784.pdf
2026-09-25,2026-09-27,LE_01,MEDIO,2,20260925_106_BollettinoIncendi_784.pdf
2026-09-25,2026-09-27,LE_02,MEDIO,2,20260925_106_BollettinoIncendi_784.pdf
2026-09-25,2026-09-27,LE_03,MEDIO,2,20260925_106_BollettinoIncendi_784.pdf
2026-09-25,2026-09-27,TA_01,MODERATO,3,20260925_106_BollettinoIncendi_784.pdf
2026-09-25,2026-09-27,TA_02,MODERATO,3,20260925_106_BollettinoIncendi_784.pdf
2026-09-25,2026-09-27,TA_03,MEDIO,2,20260925_106_BollettinoIncendi_784.pdf
