data_ora_utc,data_ora_italia,comune,provincia,lat,lon,satellite,affidabilita,frp_mw,passaggio,area_industriale,focolaio_id,scaricato_il_utc
2026-09-25T12:32:00Z,2026-09-25 14:32,Ascoli Satriano,FG,41.09771,15.72876,VIIRS NOAA-20,nominale,12.81,diurno,,1,2026-09-25T16:10:03Z
2026-09-25T12:32:00Z,2026-09-25 14:32,Manfredonia,FG,41.54874,15.76771,VIIRS NOAA-20,nominale,3.0,diurno,,2,2026-09-25T16:10:03Z
2026-09-25T11:36:00Z,2026-09-25 13:36,Troia,FG,41.37293,15.28656,VIIRS NOAA-21,nominale,4.02,diurno,,3,2026-09-25T16:10:03Z
2026-09-25T11:36:00Z,2026-09-25 13:36,Poggiorsini,BA,40.91978,16.23552,VIIRS NOAA-21,nominale,4.24,diurno,,4,2026-09-25T16:10:03Z
2026-09-25T10:51:00Z,2026-09-25 12:51,Poggiorsini,BA,40.9212,16.2336,VIIRS NOAA-20,nominale,5.23,diurno,,4,2026-09-25T16:10:03Z
2026-09-25T01:07:00Z,2026-09-25 03:07,Lucera,FG,41.43704,15.29604,VIIRS NOAA-20,nominale,0.49,notturno,,5,2026-09-25T16:10:03Z
2026-09-25T01:07:00Z,2026-09-25 03:07,Serracapriola,FG,41.75963,15.17959,VIIRS NOAA-20,nominale,0.42,notturno,,6,2026-09-25T16:10:03Z
2026-09-25T01:07:00Z,2026-09-25 03:07,Chieuti,FG,41.83707,15.09484,VIIRS NOAA-20,nominale,0.85,notturno,,7,2026-09-25T16:10:03Z
2026-09-25T01:07:00Z,2026-09-25 03:07,Chieuti,FG,41.88332,15.20028,VIIRS NOAA-20,nominale,5.07,notturno,,8,2026-09-25T16:10:03Z
2026-09-25T01:07:00Z,2026-09-25 03:07,Apricena,FG,41.7853,15.35172,VIIRS NOAA-20,nominale,1.86,notturno,,9,2026-09-25T16:10:03Z
2026-09-25T00:50:00Z,2026-09-25 02:50,Chieuti,FG,41.88367,15.19586,VIIRS S-NPP,nominale,2.84,notturno,,8,2026-09-25T16:10:03Z
2026-09-25T00:50:00Z,2026-09-25 02:50,Chieuti,FG,41.88064,15.19574,VIIRS S-NPP,nominale,0.8,notturno,,8,2026-09-25T16:10:03Z
2026-09-25T00:50:00Z,2026-09-25 02:50,Chieuti,FG,41.87998,15.2016,VIIRS S-NPP,nominale,1.76,notturno,,8,2026-09-25T16:10:03Z
2026-09-25T00:50:00Z,2026-09-25 02:50,Chieuti,FG,41.87996,15.19514,VIIRS S-NPP,nominale,2.84,notturno,,8,2026-09-25T16:10:03Z
2026-09-25T00:50:00Z,2026-09-25 02:50,Chieuti,FG,41.88369,15.20234,VIIRS S-NPP,nominale,1.76,notturno,,8,2026-09-25T16:10:03Z
2026-09-25T00:50:00Z,2026-09-25 02:50,Chieuti,FG,41.87927,15.20098,VIIRS S-NPP,nominale,2.84,notturno,,8,2026-09-25T16:10:03Z
2026-09-25T00:50:00Z,2026-09-25 02:50,Chieuti,FG,41.88435,15.19647,VIIRS S-NPP,nominale,0.8,notturno,,8,2026-09-25T16:10:03Z
2026-09-25T00:50:00Z,2026-09-25 02:50,Chieuti,FG,41.88298,15.20172,VIIRS S-NPP,nominale,2.84,notturno,,8,2026-09-25T16:10:03Z
2026-09-25T00:11:00Z,2026-09-25 02:11,Chieuti,FG,41.88449,15.20314,VIIRS NOAA-21,nominale,0.52,notturno,,8,2026-09-25T16:10:03Z
2026-09-24T12:51:00Z,2026-09-24 14:51,Serracapriola,FG,41.86555,15.21716,VIIRS NOAA-20,nominale,3.95,diurno,,10,2026-09-25T16:10:03Z
2026-09-24T12:51:00Z,2026-09-24 14:51,Serracapriola,FG,41.86577,15.22283,VIIRS NOAA-20,nominale,3.95,diurno,,10,2026-09-25T16:10:03Z
2026-09-24T12:49:00Z,2026-09-24 14:49,Castelnuovo della Daunia,FG,41.60769,15.14227,VIIRS NOAA-20,nominale,2.26,diurno,,11,2026-09-25T16:10:03Z
2026-09-24T12:49:00Z,2026-09-24 14:49,Serracapriola,FG,41.83209,15.15018,VIIRS NOAA-20,nominale,4.65,diurno,,12,2026-09-25T16:10:03Z
2026-09-24T12:49:00Z,2026-09-24 14:49,Cagnano Varano,FG,41.81196,15.81335,VIIRS NOAA-20,nominale,3.85,diurno,,13,2026-09-25T16:10:03Z
2026-09-24T12:49:00Z,2026-09-24 14:49,Castelnuovo della Daunia,FG,41.61097,15.14845,VIIRS NOAA-20,nominale,1.88,diurno,,11,2026-09-25T16:10:03Z
2026-09-24T12:49:00Z,2026-09-24 14:49,Castelnuovo della Daunia,FG,41.61073,15.14298,VIIRS NOAA-20,nominale,1.88,diurno,,11,2026-09-25T16:10:03Z
2026-09-24T12:49:00Z,2026-09-24 14:49,Castelnuovo della Daunia,FG,41.60789,15.14779,VIIRS NOAA-20,nominale,2.26,diurno,,11,2026-09-25T16:10:03Z
2026-09-24T12:49:00Z,2026-09-24 14:49,Altamura,BA,40.85607,16.61541,VIIRS NOAA-20,nominale,5.18,diurno,,14,2026-09-25T16:10:03Z
2026-09-24T12:49:00Z,2026-09-24 14:49,Altamura,BA,40.76672,16.50999,VIIRS NOAA-20,alta,8.45,diurno,,15,2026-09-25T16:10:03Z
2026-09-24T12:49:00Z,2026-09-24 14:49,Lizzanello,LE,40.34921,18.26297,VIIRS NOAA-20,nominale,5.43,diurno,,16,2026-09-25T16:10:03Z
2026-09-24T12:49:00Z,2026-09-24 14:49,Lizzanello,LE,40.34841,18.264,VIIRS NOAA-20,nominale,5.91,diurno,,16,2026-09-25T16:10:03Z
2026-09-24T12:32:00Z,2026-09-24 14:32,Cerignola,FG,41.43008,15.84647,VIIRS S-NPP,alta,11.45,diurno,,17,2026-09-25T16:10:03Z
2026-09-24T12:32:00Z,2026-09-24 14:32,Rocchetta Sant'Antonio,FG,41.10033,15.52713,VIIRS S-NPP,nominale,19.56,diurno,,18,2026-09-25T16:10:03Z
2026-09-24T12:32:00Z,2026-09-24 14:32,Spinazzola,BT,40.93718,16.18466,VIIRS S-NPP,nominale,9.11,diurno,,19,2026-09-25T16:10:03Z
2026-09-24T12:32:00Z,2026-09-24 14:32,San Severo,FG,41.64497,15.44253,VIIRS S-NPP,nominale,2.05,diurno,,20,2026-09-25T16:10:03Z
2026-09-24T12:32:00Z,2026-09-24 14:32,Spinazzola,BT,40.93764,16.18963,VIIRS S-NPP,nominale,5.35,diurno,,19,2026-09-25T16:10:03Z
2026-09-24T12:32:00Z,2026-09-24 14:32,Manfredonia,FG,41.54383,15.83528,VIIRS S-NPP,nominale,1.5,diurno,,21,2026-09-25T16:10:03Z
2026-09-24T12:32:00Z,2026-09-24 14:32,Spinazzola,BT,40.93344,16.19044,VIIRS S-NPP,nominale,5.35,diurno,,19,2026-09-25T16:10:03Z
2026-09-24T12:32:00Z,2026-09-24 14:32,Altamura,BA,40.86131,16.6144,VIIRS S-NPP,nominale,5.22,diurno,,14,2026-09-25T16:10:03Z
2026-09-24T12:32:00Z,2026-09-24 14:32,Altamura,BA,40.85702,16.61516,VIIRS S-NPP,nominale,5.22,diurno,,14,2026-09-25T16:10:03Z
2026-09-24T12:32:00Z,2026-09-24 14:32,Villa Castelli,BR,40.53891,17.49062,VIIRS S-NPP,nominale,4.66,diurno,,22,2026-09-25T16:10:03Z
2026-09-24T12:32:00Z,2026-09-24 14:32,Villa Castelli,BR,40.53843,17.48478,VIIRS S-NPP,nominale,3.95,diurno,,22,2026-09-25T16:10:03Z
2026-09-24T12:32:00Z,2026-09-24 14:32,Villa Castelli,BR,40.53558,17.49015,VIIRS S-NPP,nominale,8.48,diurno,,22,2026-09-25T16:10:03Z
2026-09-24T12:32:00Z,2026-09-24 14:32,Villa Castelli,BR,40.53443,17.49125,VIIRS S-NPP,bassa,4.66,diurno,,22,2026-09-25T16:10:03Z
2026-09-24T12:32:00Z,2026-09-24 14:32,Villa Castelli,BR,40.53394,17.48543,VIIRS S-NPP,nominale,3.95,diurno,,22,2026-09-25T16:10:03Z
2026-09-24T12:32:00Z,2026-09-24 14:32,Villa Castelli,BR,40.53064,17.48496,VIIRS S-NPP,nominale,8.48,diurno,,22,2026-09-25T16:10:03Z
2026-09-24T11:53:00Z,2026-09-24 13:53,Apricena,FG,41.79063,15.35344,VIIRS NOAA-21,nominale,5.2,diurno,,9,2026-09-25T16:10:03Z
2026-09-24T11:53:00Z,2026-09-24 13:53,Apricena,FG,41.78736,15.35433,VIIRS NOAA-21,nominale,5.2,diurno,,9,2026-09-25T16:10:03Z
2026-09-24T11:53:00Z,2026-09-24 13:53,Apricena,FG,41.79131,15.35804,VIIRS NOAA-21,nominale,5.2,diurno,,9,2026-09-25T16:10:03Z
2026-09-24T11:53:00Z,2026-09-24 13:53,Cerignola,FG,41.42932,15.84471,VIIRS NOAA-21,nominale,3.32,diurno,,17,2026-09-25T16:10:03Z
2026-09-24T11:53:00Z,2026-09-24 13:53,San Severo,FG,41.62235,15.50803,VIIRS NOAA-21,bassa,2.56,diurno,,23,2026-09-25T16:10:03Z
2026-09-24T11:53:00Z,2026-09-24 13:53,Apricena,FG,41.78215,15.34379,VIIRS NOAA-21,nominale,12.44,diurno,,9,2026-09-25T16:10:03Z
2026-09-24T11:53:00Z,2026-09-24 13:53,Troia,FG,41.39178,15.35569,VIIRS NOAA-21,nominale,11.57,diurno,,24,2026-09-25T16:10:03Z
2026-09-24T11:53:00Z,2026-09-24 13:53,Altamura,BA,40.8581,16.61383,VIIRS NOAA-21,nominale,5.79,diurno,,14,2026-09-25T16:10:03Z
2026-09-24T11:53:00Z,2026-09-24 13:53,Carovigno,BR,40.72375,17.74523,VIIRS NOAA-21,nominale,2.63,diurno,,25,2026-09-25T16:10:03Z
2026-09-24T11:53:00Z,2026-09-24 13:53,Ascoli Satriano,FG,41.26978,15.56907,VIIRS NOAA-21,bassa,6.36,diurno,,26,2026-09-25T16:10:03Z
2026-09-24T11:53:00Z,2026-09-24 13:53,Cerignola,FG,41.19931,15.73868,VIIRS NOAA-21,nominale,2.48,diurno,,27,2026-09-25T16:10:03Z
2026-09-24T11:53:00Z,2026-09-24 13:53,Rocchetta Sant'Antonio,FG,41.1106,15.46169,VIIRS NOAA-21,nominale,4.51,diurno,,28,2026-09-25T16:10:03Z
2026-09-24T11:53:00Z,2026-09-24 13:53,Rocchetta Sant'Antonio,FG,41.09779,15.53574,VIIRS NOAA-21,bassa,2.52,diurno,,18,2026-09-25T16:10:03Z
2026-09-24T11:53:00Z,2026-09-24 13:53,Spinazzola,BT,40.93835,16.19737,VIIRS NOAA-21,bassa,3.56,diurno,,19,2026-09-25T16:10:03Z
2026-09-24T11:53:00Z,2026-09-24 13:53,Spinazzola,BT,40.9364,16.18367,VIIRS NOAA-21,bassa,5.27,diurno,,19,2026-09-25T16:10:03Z
2026-09-24T11:53:00Z,2026-09-24 13:53,Castellana Grotte,BA,40.88741,17.17981,VIIRS NOAA-21,nominale,1.93,diurno,,29,2026-09-25T16:10:03Z
2026-09-24T11:53:00Z,2026-09-24 13:53,Altamura,BA,40.86141,16.61301,VIIRS NOAA-21,nominale,5.79,diurno,,14,2026-09-25T16:10:03Z
2026-09-24T11:53:00Z,2026-09-24 13:53,Castelnuovo della Daunia,FG,41.61263,15.14462,VIIRS NOAA-21,nominale,4.16,diurno,,11,2026-09-25T16:10:03Z
2026-09-24T11:53:00Z,2026-09-24 13:53,Gravina in Puglia,BA,40.8368,16.34206,VIIRS NOAA-21,bassa,2.72,diurno,,30,2026-09-25T16:10:03Z
2026-09-24T11:53:00Z,2026-09-24 13:53,Gravina in Puglia,BA,40.83615,16.33747,VIIRS NOAA-21,bassa,2.72,diurno,,30,2026-09-25T16:10:03Z
2026-09-24T11:53:00Z,2026-09-24 13:53,Manduria,TA,40.39865,17.58689,VIIRS NOAA-21,bassa,1.52,diurno,,31,2026-09-25T16:10:03Z
2026-09-24T11:53:00Z,2026-09-24 13:53,Manduria,TA,40.39268,17.64768,VIIRS NOAA-21,nominale,2.59,diurno,,32,2026-09-25T16:10:03Z
2026-09-24T11:53:00Z,2026-09-24 13:53,Cerignola,FG,41.42998,15.84931,VIIRS NOAA-21,nominale,3.96,diurno,,17,2026-09-25T16:10:03Z
2026-09-24T11:53:00Z,2026-09-24 13:53,Foggia,FG,41.44274,15.63172,VIIRS NOAA-21,bassa,2.5,diurno,,33,2026-09-25T16:10:03Z
2026-09-24T11:53:00Z,2026-09-24 13:53,Foggia,FG,41.48222,15.64526,VIIRS NOAA-21,bassa,4.1,diurno,,34,2026-09-25T16:10:03Z
2026-09-24T11:53:00Z,2026-09-24 13:53,Foggia,FG,41.48483,15.63983,VIIRS NOAA-21,bassa,3.03,diurno,,34,2026-09-25T16:10:03Z
2026-09-24T11:53:00Z,2026-09-24 13:53,Lucera,FG,41.50072,15.40055,VIIRS NOAA-21,nominale,3.26,diurno,,35,2026-09-25T16:10:03Z
2026-09-24T11:53:00Z,2026-09-24 13:53,Lucera,FG,41.50988,15.3934,VIIRS NOAA-21,bassa,7.56,diurno,,36,2026-09-25T16:10:03Z
2026-09-24T11:53:00Z,2026-09-24 13:53,Foggia,FG,41.5101,15.65003,VIIRS NOAA-21,bassa,2.67,diurno,,37,2026-09-25T16:10:03Z
2026-09-24T11:53:00Z,2026-09-24 13:53,Castelnuovo della Daunia,FG,41.57339,15.15509,VIIRS NOAA-21,nominale,9.8,diurno,,38,2026-09-25T16:10:03Z
2026-09-24T11:53:00Z,2026-09-24 13:53,Ascoli Satriano,FG,41.27045,15.57363,VIIRS NOAA-21,nominale,7.38,diurno,,26,2026-09-25T16:10:03Z
2026-09-24T11:10:00Z,2026-09-24 13:10,Foggia,FG,41.47534,15.63776,VIIRS NOAA-20,nominale,2.34,diurno,,34,2026-09-25T16:10:03Z
2026-09-24T11:10:00Z,2026-09-24 13:10,Foggia,FG,41.47352,15.64031,VIIRS NOAA-20,nominale,1.78,diurno,,34,2026-09-25T16:10:03Z
2026-09-24T11:10:00Z,2026-09-24 13:10,Foggia,FG,41.44383,15.63245,VIIRS NOAA-20,alta,5.39,diurno,,33,2026-09-25T16:10:03Z
2026-09-24T11:10:00Z,2026-09-24 13:10,Lucera,FG,41.5102,15.39523,VIIRS NOAA-20,alta,4.74,diurno,,36,2026-09-25T16:10:03Z
2026-09-24T11:10:00Z,2026-09-24 13:10,Cagnano Varano,FG,41.81071,15.8202,VIIRS NOAA-20,alta,7.92,diurno,,13,2026-09-25T16:10:03Z
2026-09-24T11:10:00Z,2026-09-24 13:10,Foggia,FG,41.44487,15.63636,VIIRS NOAA-20,nominale,5.39,diurno,,33,2026-09-25T16:10:03Z
2026-09-24T11:10:00Z,2026-09-24 13:10,Troia,FG,41.34482,15.34622,VIIRS NOAA-20,bassa,1.37,diurno,,39,2026-09-25T16:10:03Z
2026-09-24T11:10:00Z,2026-09-24 13:10,Cerignola,FG,41.42961,15.84725,VIIRS NOAA-20,nominale,6.26,diurno,,17,2026-09-25T16:10:03Z
2026-09-24T11:10:00Z,2026-09-24 13:10,Spinazzola,BT,40.93402,16.18575,VIIRS NOAA-20,alta,5.66,diurno,,19,2026-09-25T16:10:03Z
2026-09-24T11:10:00Z,2026-09-24 13:10,Cerignola,FG,41.42691,15.85152,VIIRS NOAA-20,nominale,3.1,diurno,,17,2026-09-25T16:10:03Z
2026-09-24T11:10:00Z,2026-09-24 13:10,Manduria,TA,40.39549,17.58889,VIIRS NOAA-20,nominale,0.92,diurno,,31,2026-09-25T16:10:03Z
2026-09-24T11:10:00Z,2026-09-24 13:10,Manduria,TA,40.39597,17.58954,VIIRS NOAA-20,nominale,4.15,diurno,,31,2026-09-25T16:10:03Z
2026-09-24T11:10:00Z,2026-09-24 13:10,Brindisi,BR,40.48293,17.86129,VIIRS NOAA-20,nominale,10.15,diurno,,40,2026-09-25T16:10:03Z
2026-09-24T11:10:00Z,2026-09-24 13:10,Brindisi,BR,40.48403,17.85975,VIIRS NOAA-20,nominale,11.78,diurno,,40,2026-09-25T16:10:03Z
2026-09-24T11:10:00Z,2026-09-24 13:10,Gravina in Puglia,BA,40.75684,16.31369,VIIRS NOAA-20,nominale,3.98,diurno,,41,2026-09-25T16:10:03Z
2026-09-24T11:10:00Z,2026-09-24 13:10,Altamura,BA,40.77258,16.53618,VIIRS NOAA-20,nominale,3.2,diurno,,42,2026-09-25T16:10:03Z
2026-09-24T11:10:00Z,2026-09-24 13:10,Gravina in Puglia,BA,40.83901,16.33766,VIIRS NOAA-20,nominale,5.17,diurno,,30,2026-09-25T16:10:03Z
2026-09-24T11:10:00Z,2026-09-24 13:10,Altamura,BA,40.85791,16.61643,VIIRS NOAA-20,nominale,2.16,diurno,,14,2026-09-25T16:10:03Z
2026-09-24T11:10:00Z,2026-09-24 13:10,Gravina in Puglia,BA,40.86103,16.30053,VIIRS NOAA-20,bassa,2.22,diurno,,43,2026-09-25T16:10:03Z
2026-09-24T11:10:00Z,2026-09-24 13:10,Gravina in Puglia,BA,40.86243,16.30288,VIIRS NOAA-20,bassa,2.74,diurno,,43,2026-09-25T16:10:03Z
2026-09-24T11:10:00Z,2026-09-24 13:10,Spinazzola,BT,40.93503,16.18964,VIIRS NOAA-20,nominale,3.97,diurno,,19,2026-09-25T16:10:03Z
2026-09-24T11:10:00Z,2026-09-24 13:10,Spinazzola,BT,40.94701,16.19395,VIIRS NOAA-20,nominale,1.53,diurno,,44,2026-09-25T16:10:03Z
2026-09-24T11:10:00Z,2026-09-24 13:10,Ascoli Satriano,FG,41.14104,15.66482,VIIRS NOAA-20,nominale,4.92,diurno,,45,2026-09-25T16:10:03Z
2026-09-24T11:10:00Z,2026-09-24 13:10,Ascoli Satriano,FG,41.14215,15.66164,VIIRS NOAA-20,nominale,2.54,diurno,,45,2026-09-25T16:10:03Z
2026-09-24T11:10:00Z,2026-09-24 13:10,Ascoli Satriano,FG,41.14621,15.57355,VIIRS NOAA-20,nominale,1.66,diurno,,46,2026-09-25T16:10:03Z
2026-09-24T11:10:00Z,2026-09-24 13:10,Cerignola,FG,41.17686,15.80053,VIIRS NOAA-20,nominale,3.99,diurno,,47,2026-09-25T16:10:03Z
2026-09-24T11:10:00Z,2026-09-24 13:10,Cerignola,FG,41.17764,15.79296,VIIRS NOAA-20,nominale,6.24,diurno,,47,2026-09-25T16:10:03Z
2026-09-24T11:10:00Z,2026-09-24 13:10,Cerignola,FG,41.17869,15.79684,VIIRS NOAA-20,alta,6.24,diurno,,47,2026-09-25T16:10:03Z
2026-09-24T11:10:00Z,2026-09-24 13:10,Cerignola,FG,41.18073,15.79432,VIIRS NOAA-20,alta,8.61,diurno,,47,2026-09-25T16:10:03Z
2026-09-24T11:10:00Z,2026-09-24 13:10,Ascoli Satriano,FG,41.19532,15.63168,VIIRS NOAA-20,nominale,2.37,diurno,,48,2026-09-25T16:10:03Z
2026-09-24T11:10:00Z,2026-09-24 13:10,Troia,FG,41.38413,15.40884,VIIRS NOAA-20,nominale,1.94,diurno,,49,2026-09-25T16:10:03Z
2026-09-24T11:10:00Z,2026-09-24 13:10,Cerignola,FG,41.42591,15.84769,VIIRS NOAA-20,nominale,3.1,diurno,,17,2026-09-25T16:10:03Z
2026-09-24T11:10:00Z,2026-09-24 13:10,Ascoli Satriano,FG,41.1372,15.66391,VIIRS NOAA-20,nominale,2.54,diurno,,45,2026-09-25T16:10:03Z
2026-09-24T10:51:00Z,2026-09-24 12:51,Ascoli Satriano,FG,41.19365,15.63192,VIIRS S-NPP,nominale,4.15,diurno,,48,2026-09-25T16:10:03Z
2026-09-24T10:51:00Z,2026-09-24 12:51,Spinazzola,BT,40.93348,16.18409,VIIRS S-NPP,nominale,3.03,diurno,,19,2026-09-25T16:10:03Z
2026-09-24T10:51:00Z,2026-09-24 12:51,Ascoli Satriano,FG,41.19334,15.63145,VIIRS S-NPP,nominale,3.8,diurno,,48,2026-09-25T16:10:03Z
2026-09-24T10:51:00Z,2026-09-24 12:51,Spinazzola,BT,40.93486,16.18263,VIIRS S-NPP,nominale,4.83,diurno,,19,2026-09-25T16:10:03Z
2026-09-24T10:51:00Z,2026-09-24 12:51,Cerignola,FG,41.4271,15.84672,VIIRS S-NPP,nominale,3.31,diurno,,17,2026-09-25T16:10:03Z
2026-09-24T10:51:00Z,2026-09-24 12:51,Casalvecchio di Puglia,FG,41.63504,15.16466,VIIRS S-NPP,nominale,11.43,diurno,,50,2026-09-25T16:10:03Z
2026-09-24T10:51:00Z,2026-09-24 12:51,Casalvecchio di Puglia,FG,41.63202,15.16152,VIIRS S-NPP,nominale,5.38,diurno,,50,2026-09-25T16:10:03Z
2026-09-24T10:51:00Z,2026-09-24 12:51,Cagnano Varano,FG,41.81034,15.81709,VIIRS S-NPP,nominale,6.89,diurno,,13,2026-09-25T16:10:03Z
2026-09-24T10:51:00Z,2026-09-24 12:51,Casalvecchio di Puglia,FG,41.6347,15.16929,VIIRS S-NPP,nominale,5.38,diurno,,50,2026-09-25T16:10:03Z
2026-09-24T10:49:00Z,2026-09-24 12:49,Gravina in Puglia,BA,40.86576,16.29883,VIIRS S-NPP,nominale,11.08,diurno,,43,2026-09-25T16:10:03Z
2026-09-24T10:49:00Z,2026-09-24 12:49,Gravina in Puglia,BA,40.86506,16.30013,VIIRS S-NPP,nominale,15.51,diurno,,43,2026-09-25T16:10:03Z
2026-09-24T10:49:00Z,2026-09-24 12:49,Gravina in Puglia,BA,40.86318,16.29109,VIIRS S-NPP,nominale,11.08,diurno,,43,2026-09-25T16:10:03Z
2026-09-24T10:49:00Z,2026-09-24 12:49,Gravina in Puglia,BA,40.86252,16.29241,VIIRS S-NPP,alta,12.38,diurno,,43,2026-09-25T16:10:03Z
2026-09-24T10:49:00Z,2026-09-24 12:49,Gravina in Puglia,BA,40.85935,16.30224,VIIRS S-NPP,nominale,9.25,diurno,,43,2026-09-25T16:10:03Z
2026-09-24T10:49:00Z,2026-09-24 12:49,Gravina in Puglia,BA,40.85865,16.30355,VIIRS S-NPP,nominale,15.51,diurno,,43,2026-09-25T16:10:03Z
2026-09-24T10:49:00Z,2026-09-24 12:49,Altamura,BA,40.85649,16.6151,VIIRS S-NPP,nominale,1.32,diurno,,14,2026-09-25T16:10:03Z
2026-09-24T10:49:00Z,2026-09-24 12:49,Gravina in Puglia,BA,40.85606,16.29567,VIIRS S-NPP,nominale,12.38,diurno,,43,2026-09-25T16:10:03Z
2026-09-24T10:49:00Z,2026-09-24 12:49,Brindisi,BR,40.48665,17.85947,VIIRS S-NPP,nominale,5.19,diurno,,40,2026-09-25T16:10:03Z
2026-09-24T10:49:00Z,2026-09-24 12:49,Santa Cesarea Terme,LE,40.0612,18.47378,VIIRS S-NPP,nominale,2.42,diurno,,51,2026-09-25T16:10:03Z
2026-09-24T10:49:00Z,2026-09-24 12:49,Gravina in Puglia,BA,40.85672,16.29438,VIIRS S-NPP,nominale,9.25,diurno,,43,2026-09-25T16:10:03Z
2026-09-24T07:54:00Z,2026-09-24 09:54,Candela,FG,41.07555,15.64705,MODIS,nominale,7.58,diurno,,52,2026-09-25T16:10:03Z
2026-09-24T07:54:00Z,2026-09-24 09:54,Ascoli Satriano,FG,41.29176,15.53353,MODIS,nominale,4.49,diurno,,53,2026-09-25T16:10:03Z
2026-09-24T07:54:00Z,2026-09-24 09:54,Lucera,FG,41.50066,15.40142,MODIS,nominale,6.39,diurno,,35,2026-09-25T16:10:03Z
2026-09-24T07:54:00Z,2026-09-24 09:54,Manfredonia,FG,41.54015,15.83918,MODIS,nominale,4.77,diurno,,21,2026-09-25T16:10:03Z
2026-09-24T07:54:00Z,2026-09-24 09:54,Manfredonia,FG,41.54929,15.84109,MODIS,nominale,5.79,diurno,,21,2026-09-25T16:10:03Z
2026-09-24T01:28:00Z,2026-09-24 03:28,Anzano di Puglia,FG,41.08858,15.30977,VIIRS NOAA-20,nominale,0.71,notturno,,54,2026-09-25T16:10:03Z
2026-09-24T01:28:00Z,2026-09-24 03:28,Palagiano,TA,40.58529,16.99427,VIIRS NOAA-20,nominale,2.65,notturno,,55,2026-09-25T16:10:03Z
2026-09-24T01:28:00Z,2026-09-24 03:28,Taranto,TA,40.5035,17.21581,VIIRS NOAA-20,nominale,1.65,notturno,area siderurgica e raffineria di Taranto,0,2026-09-25T16:10:03Z
2026-09-24T01:28:00Z,2026-09-24 03:28,Taranto,TA,40.5049,17.21004,VIIRS NOAA-20,nominale,1.43,notturno,area siderurgica e raffineria di Taranto,0,2026-09-25T16:10:03Z
2026-09-24T01:28:00Z,2026-09-24 03:28,Troia,FG,41.3817,15.40045,VIIRS NOAA-20,nominale,0.33,notturno,,49,2026-09-25T16:10:03Z
2026-09-24T01:07:00Z,2026-09-24 03:07,Palagiano,TA,40.58451,16.99825,VIIRS S-NPP,nominale,3.67,notturno,,55,2026-09-25T16:10:03Z
2026-09-24T01:07:00Z,2026-09-24 03:07,Palagiano,TA,40.58535,16.99352,VIIRS S-NPP,nominale,3.67,notturno,,55,2026-09-25T16:10:03Z
2026-09-24T01:07:00Z,2026-09-24 03:07,Brindisi,BR,40.62953,17.99993,VIIRS S-NPP,nominale,1.16,notturno,,56,2026-09-25T16:10:03Z
2026-09-24T01:07:00Z,2026-09-24 03:07,Anzano di Puglia,FG,41.08512,15.31013,VIIRS S-NPP,nominale,0.71,notturno,,54,2026-09-25T16:10:03Z
2026-09-24T01:07:00Z,2026-09-24 03:07,Troia,FG,41.38374,15.40219,VIIRS S-NPP,nominale,1.28,notturno,,49,2026-09-25T16:10:03Z
2026-09-24T01:07:00Z,2026-09-24 03:07,Manfredonia,FG,41.43123,15.79995,VIIRS S-NPP,nominale,0.43,notturno,,57,2026-09-25T16:10:03Z
2026-09-24T01:07:00Z,2026-09-24 03:07,Taranto,TA,40.50262,17.21861,VIIRS S-NPP,nominale,1.13,notturno,area siderurgica e raffineria di Taranto,0,2026-09-25T16:10:03Z
2026-09-24T01:07:00Z,2026-09-24 03:07,Taranto,TA,40.51781,17.21319,VIIRS S-NPP,nominale,0.73,notturno,area siderurgica e raffineria di Taranto,0,2026-09-25T16:10:03Z
2026-09-24T00:33:00Z,2026-09-24 02:33,Taranto,TA,40.51461,17.20761,VIIRS NOAA-21,nominale,1.37,notturno,area siderurgica e raffineria di Taranto,0,2026-09-25T16:10:03Z
2026-09-24T00:33:00Z,2026-09-24 02:33,Seclì,LE,40.1196,18.09126,VIIRS NOAA-21,nominale,0.61,notturno,,58,2026-09-25T16:10:03Z
2026-09-24T00:33:00Z,2026-09-24 02:33,Taranto,TA,40.50271,17.21931,VIIRS NOAA-21,nominale,1.24,notturno,area siderurgica e raffineria di Taranto,0,2026-09-25T16:10:03Z
2026-09-24T00:33:00Z,2026-09-24 02:33,Taranto,TA,40.50275,17.21579,VIIRS NOAA-21,nominale,2.01,notturno,area siderurgica e raffineria di Taranto,0,2026-09-25T16:10:03Z
2026-09-24T00:33:00Z,2026-09-24 02:33,Taranto,TA,40.50339,17.21057,VIIRS NOAA-21,nominale,1.16,notturno,area siderurgica e raffineria di Taranto,0,2026-09-25T16:10:03Z
2026-09-24T00:33:00Z,2026-09-24 02:33,Taranto,TA,40.50402,17.20891,VIIRS NOAA-21,nominale,1.32,notturno,area siderurgica e raffineria di Taranto,0,2026-09-25T16:10:03Z
2026-09-24T00:33:00Z,2026-09-24 02:33,Taranto,TA,40.50692,17.21132,VIIRS NOAA-21,nominale,1.16,notturno,area siderurgica e raffineria di Taranto,0,2026-09-25T16:10:03Z
2026-09-24T00:33:00Z,2026-09-24 02:33,Taranto,TA,40.50754,17.20965,VIIRS NOAA-21,nominale,1.32,notturno,area siderurgica e raffineria di Taranto,0,2026-09-25T16:10:03Z
2026-09-24T00:33:00Z,2026-09-24 02:33,Troia,FG,41.38088,15.39854,VIIRS NOAA-21,nominale,0.89,notturno,,49,2026-09-25T16:10:03Z
